Estado Inicial,Nos Gerados de H1,Nos Gerados de H2,G de H1,G de H2,Tempo de H1,Tempo de H2
"6,7,1,5,8,4,0,2,3",42.971,4.072,26,26,334.0052719999803,29.869126999983564
"0,5,3,6,1,7,2,8,4",54.707,3.800,26,26,477.27263400005177,35.75830599991605
"6,0,4,8,5,1,7,2,3",31.520,3.393,25,25,221.4619160000002,22.451914999983273
"6,5,1,8,0,4,3,2,7",29.281,3.219,24,24,212.55257199995685,21.12307700002566
"6,4,2,5,1,7,0,3,8",23.769,3.123,24,24,161.67848800006323,18.917397000011988
"4,1,6,3,7,5,0,2,8",21.107,3.096,24,24,139.52147899998818,19.31436599988956
"4,8,6,7,2,5,0,1,3",46.823,3.082,26,26,337.549794999999,20.867621000041254
"8,1,3,6,0,4,2,5,7",51.914,3.015,26,26,410.1633660000516,18.59066200000234
"0,5,1,7,4,8,6,3,2",22.922,2.812,24,24,145.5145499999635,17.325126999989152
"6,5,2,3,0,4,1,7,8",14.594,2.812,22,22,100.26033399999142,18.462201999966055
"3,1,5,0,4,2,8,7,6",20.238,2.753,23,23,134.43645399995148,17.1911839999957
"0,7,1,8,6,5,3,4,2",22.996,2.689,24,24,165.7218639999628,18.40790999995079
"6,1,7,3,8,5,4,0,2",20.307,2.670,23,23,132.8505179999629,16.960465000011027
"8,6,5,2,0,1,4,3,7",29.426,2.306,24,24,186.0087600001134,13.912575000082143
"6,8,4,3,2,1,7,0,5",18.896,2.131,23,23,122.18064200005028,14.68236600002274
"0,4,1,5,3,2,7,8,6",12.634,1.967,22,22,75.07649999996647,12.510796000016853
"5,0,2,6,7,8,4,1,3",20.917,1.894,23,23,132.02101699996274,12.765475999913178
"0,3,5,6,8,2,4,1,7",12.670,1.886,22,22,75.6472889999859,12.322311999974772
"5,0,3,7,1,4,8,6,2",19.605,1.782,23,23,141.3458320000209,12.09958599996753
"3,4,5,8,2,6,1,0,7",19.822,1.644,23,23,130.59458199993242,10.603067999938503
"4,8,7,5,0,3,2,1,6",48.707,1.607,26,26,353.52336600003764,10.7566410000436
"3,7,2,5,4,0,6,1,8",9.923,1.596,21,21,62.54067200003192,11.165488999919035
"1,2,0,4,3,7,8,6,5",10.185,1.579,22,22,59.72596099996008,10.525609000003897
"5,1,7,2,0,6,3,4,8",11.486,1.462,22,22,72.63048599998001,8.332415000069886
"7,4,0,5,6,1,8,3,2",23.563,1.455,24,24,151.76942200004123,8.644387000007555
"6,1,4,0,2,5,8,3,7",7.959,1.437,21,21,48.946728000068106,10.452864999999292
"4,5,3,6,2,1,8,7,0",10.463,1.407,22,22,67.81749499996658,9.771457999944687
"1,2,7,5,4,8,6,0,3",9.284,1.380,21,21,54.635724999941885,9.236559000099078
"2,0,1,6,4,5,3,7,8",10.093,1.368,21,21,67.99290000007022,7.165134999901056
"3,2,6,5,8,0,7,4,1",19.267,1.363,23,23,116.94205399998464,7.998064999934286
"3,2,1,0,8,5,7,4,6",8.638,1.362,21,21,48.5126450000098,7.629054000019096
"6,5,1,3,2,4,7,0,8",9.043,1.361,21,21,60.879990999936126,8.43166299990844
"3,0,7,8,5,4,6,2,1",19.757,1.352,23,23,135.5342970000347,8.733921999926679
"0,3,2,4,5,1,7,6,8",5.776,1.344,20,20,35.21347300009802,7.72647200000938
"8,1,5,3,0,4,2,6,7",11.299,1.317,22,22,66.28760700009298,10.431499000056647
"3,6,7,8,1,2,0,4,5",12.177,1.305,22,22,72.13254699995741,7.304154999903403
"8,2,5,4,3,7,0,1,6",10.797,1.217,22,22,62.23480199999176,6.77613199991174
"6,7,1,0,5,2,3,8,4",8.812,1.104,21,21,53.88287400000263,8.749358000000939
"3,8,4,1,5,7,6,0,2",8.770,1.097,21,21,50.0302490000613,6.425521999946795
"8,1,2,7,4,0,3,5,6",9.055,1.074,21,21,55.313666999922134,7.560197000042535
"7,5,8,3,4,6,2,1,0",23.192,1.049,24,24,151.36017100000754,5.304148000082932
"1,8,2,4,3,0,5,7,6",7.946,1.032,21,21,45.78333000000566,5.66353599994909
"8,1,2,6,3,0,4,5,7",9.073,1.005,21,21,53.030408000107855,5.9381749999010935
"4,7,0,6,1,3,5,2,8",12.158,996,22,22,70.20808799995575,6.315829000086524
"4,1,3,6,8,7,5,0,2",6.407,977,21,21,34.800514000002295,5.830956000019796
"7,3,2,4,6,0,1,5,8",8.601,963,21,21,52.25554700009525,5.9293349999934435
"4,5,2,1,3,7,6,0,8",4.235,963,19,19,23.663031000061892,5.8434419999830425
"3,6,2,8,0,5,7,4,1",5.634,951,20,20,33.1559319999069,6.859762000036426
"3,0,1,4,8,5,7,2,6",7.348,919,21,21,40.554940999951214,5.417569000041112
"8,6,2,1,7,5,3,0,4",8.833,890,21,21,50.54797700000927,6.003743999986909
"2,5,4,8,7,1,0,6,3",10.988,888,22,22,69.89117600000463,5.661575999925844
"5,1,2,7,6,8,4,3,0",5.169,879,20,20,27.83253200002946,5.9761889999499545
"3,7,6,1,8,2,4,0,5",7.779,875,21,21,43.01852699997835,4.860450999927707
"6,0,2,8,4,1,7,5,3",7.245,856,21,21,42.208590999944136,4.205506999976933
"7,1,5,2,6,8,0,4,3",10.763,808,22,22,66.44195599993691,5.552644999930635
"1,7,5,4,6,2,0,3,8",5.793,804,20,20,32.850534999975935,4.991742999991402
"0,3,1,2,6,5,4,8,7",5.381,781,20,20,28.12034800008405,4.465451000025496
"6,2,1,0,8,4,3,7,5",2.745,780,19,19,14.073192000039853,3.663453000015579
"6,3,8,1,4,0,7,5,2",7.619,776,21,21,42.36305399995763,4.959858000045642
"8,1,2,6,0,4,5,3,7",6.730,776,20,20,37.617691999999806,4.696182999992743
"6,1,5,7,3,2,4,0,8",3.652,774,19,19,19.789463000022806,4.942387000075541
"0,6,1,7,8,2,3,5,4",5.086,773,20,20,30.260845000040717,9.813301999936812
"8,5,0,2,1,6,7,3,4",11.496,770,22,22,69.60359900002368,4.1542860000627115
"4,0,2,7,8,5,3,6,1",9.121,762,21,21,52.11340599996038,5.437314999988303
"3,5,2,1,0,8,6,4,7",2.621,760,18,18,14.028534999932162,4.366467999992892
"1,2,8,4,0,3,6,7,5",2.685,754,18,18,14.557900999905542,4.276500000036322
"5,0,1,2,8,4,3,7,6",7.197,743,21,21,40.241748000029474,4.6249079999979585
"2,8,1,4,5,0,6,3,7",3.692,736,19,19,21.215410999953747,3.379588999901898
"4,0,1,6,5,2,7,8,3",3.578,732,19,19,20.531695000012405,3.5588780000107363
"5,3,1,0,4,8,6,7,2",3.928,730,19,19,21.157553000026383,3.2803000001003966
"1,4,2,3,8,5,7,6,0",2.452,730,18,18,12.559133999980986,3.538427000050433
"1,4,5,3,6,2,7,8,0",2.439,730,18,18,11.355540000018664,3.885664999950677
"2,8,5,0,3,1,6,4,7",2.774,728,19,19,13.287094000028446,3.8660819999640808
"3,6,5,7,1,0,2,4,8",8.043,726,21,21,44.66542400000617,4.311583000002429
"8,0,1,3,7,2,6,4,5",3.290,725,19,19,18.561737999902107,4.860123999998905
"1,7,3,8,5,2,4,0,6",6.501,709,21,21,37.88782399997581,4.777915999991819
"7,6,1,3,0,5,8,2,4",6.014,700,20,20,33.042039999971166,2.982291999971494
"4,2,5,3,1,0,8,7,6",3.560,696,19,19,19.408058000029996,4.118968000053428
"1,3,5,6,4,2,0,7,8",2.582,696,18,18,14.04139699996449,3.266537999967113
"5,1,0,4,6,7,3,8,2",5.145,695,20,20,28.1229619999649,4.649592999950983
"4,2,1,5,6,8,3,7,0",5.640,689,20,20,32.50862899993081,4.7156389999436215
"1,8,5,0,3,7,6,4,2",3.157,685,19,19,15.97454900003504,3.8121410000603646
"0,6,1,8,3,4,7,2,5",4.406,679,20,20,23.370939999935217,4.560035999980755
"2,5,6,4,3,7,0,8,1",10.312,678,22,22,58.193713999935426,3.3168310000328347
"2,0,1,3,7,5,4,8,6",2.686,672,19,19,13.647740000043996,3.479897000011988
"3,2,1,7,4,5,6,0,8",1.363,671,17,17,6.272823999985121,4.039176999940537
"3,7,0,1,5,2,6,4,8",2.304,668,18,18,11.562496999977157,3.048962000058964
"3,7,0,4,1,2,6,5,8",2.477,661,18,18,11.8499760000268,3.4616019999375567
"0,5,1,3,8,7,6,2,4",4.799,654,20,20,26.76375599997118,3.876204999978654
"2,1,4,7,0,5,3,6,8",2.955,653,18,18,16.1905610000249,3.300017000059597
"2,5,3,0,6,8,1,4,7",7.828,648,21,21,44.01969200000167,3.8636210000840947
"7,2,8,4,3,5,1,6,0",4.636,625,20,20,26.068551999982446,2.9362010000040755
"4,0,5,3,8,1,6,7,2",3.147,625,19,19,16.953147999942303,3.722357999999076
"8,1,0,6,4,2,5,3,7",4.440,622,20,20,25.391737999976613,4.322595000034198
"5,2,0,1,6,3,7,4,8",5.395,609,20,20,36.62745000002906,2.666863000020385
"5,2,8,6,3,7,1,4,0",5.178,604,20,20,27.70789399999194,3.871227000025101
"3,7,2,6,1,4,0,8,5",2.494,586,18,18,13.178702999954112,3.4256869999226183
"6,3,7,1,8,2,0,4,5",4.729,583,20,20,28.17573999997694,2.781358000007458
"0,1,2,3,4,7,5,6,8",2.293,575,18,18,10.522150999982841,3.0421990000177175
"0,1,2,7,4,3,5,8,6",5.103,570,20,20,26.4208520000102,2.8154439999489114
"3,8,1,7,0,5,2,4,6",5.652,567,20,20,29.579742999980226,4.610410000081174
"5,0,4,1,3,6,8,7,2",6.239,562,21,21,37.09802799997851,2.7542860000394285
"3,6,4,5,1,2,7,0,8",2.690,554,19,19,13.051844000001438,2.9729730000253767
"3,5,8,1,0,4,6,2,7",2.757,553,18,18,13.290380000020377,3.0327880000695586
"0,4,2,7,3,6,5,1,8",4.499,549,20,20,23.463627999997698,3.0388349998975173
"5,4,2,6,7,0,1,3,8",2.905,545,19,19,14.92062500002794,2.436265999916941
"3,7,2,6,8,0,5,1,4",2.926,544,19,19,18.083955999929458,3.097998999990523
"3,7,4,0,5,2,6,8,1",3.882,543,19,19,21.491126000066288,2.575533999945037
"3,2,7,1,8,6,0,4,5",4.733,534,20,20,23.5184789999621,3.802233000053093
"2,0,8,5,4,1,3,6,7",3.164,523,19,19,16.561036000028253,2.797482999972999
"4,3,2,6,7,8,0,1,5",2.401,523,18,18,12.640765000018291,2.582317000022158
"2,6,5,1,0,4,3,8,7",2.687,511,18,18,13.844806000008248,2.293413000064902
"1,3,0,7,2,5,6,8,4",2.443,508,18,18,13.070883000036702,2.8117499999934807
"1,4,6,8,3,2,5,0,7",6.350,505,21,21,33.40601899998728,2.248670000000857
"4,8,2,7,1,6,3,5,0",5.460,505,20,20,31.97813900001347,2.3472840000176802
"4,7,2,0,8,3,6,1,5",3.780,505,19,19,19.20098700001836,2.874191000009887
"3,0,1,7,2,8,5,4,6",3.597,499,19,19,20.278583999956027,2.9939899999881163
"4,7,2,3,6,1,5,0,8",3.065,497,19,19,15.111578000010923,2.5938149999128655
"5,0,4,3,1,2,6,8,7",1.631,496,17,17,8.106126000056975,3.0444480000296608
"6,8,5,0,2,3,1,7,4",7.641,488,21,21,42.59750599996187,2.1173770000459626
"4,0,8,5,3,7,1,6,2",6.751,487,21,21,36.44233799993526,3.5805010000476614
"1,4,7,6,5,2,8,0,3",2.533,487,19,19,13.887067000032403,2.127942999941297
"8,4,1,0,2,7,3,6,5",3.900,467,19,19,21.4134109999286,2.100673000095412
"1,5,7,2,4,0,6,8,3",3.702,467,19,19,18.93314300000202,2.138461999944411
"3,4,1,5,8,6,7,0,2",2.953,463,19,19,14.649497000034899,2.33124199998565
"7,0,1,6,4,5,2,3,8",3.893,456,19,19,21.262455999967642,2.7213890000712126
"4,2,5,0,7,8,6,1,3",3.216,456,19,19,17.736700000008568,2.6768789999186993
"2,0,8,3,1,4,5,6,7",2.929,454,19,19,14.916158000007272,1.965853999950923
"8,3,1,6,0,4,5,2,7",6.270,452,20,20,36.557034999947064,2.0357269999803975
"0,1,6,5,7,2,3,4,8",4.771,449,20,20,26.376135999918915,2.4341750000603497
"0,1,2,6,8,4,7,3,5",2.294,449,18,18,12.635636999970302,2.1334979999810457
"4,1,0,2,7,3,6,8,5",2.225,446,18,18,11.52679499995429,1.8642889999318868
"6,1,2,8,3,5,4,7,0",2.063,442,18,18,10.206329999957234,1.8956079999916255
"3,2,1,6,5,0,4,7,8",1.874,441,17,17,9.911457000067458,2.003956999978982
"6,1,2,4,7,0,5,8,3",3.311,439,19,19,17.46308500005398,1.974917000043206
"5,1,2,6,4,0,7,3,8",1.432,439,17,17,7.767424000077881,2.7002680000150576
"2,1,5,3,8,4,6,0,7",1.578,436,17,17,7.541698999935761,2.0168769999872893
"6,0,5,7,1,2,8,4,3",2.637,435,19,19,13.705070000025444,1.8272550000110641
"4,8,1,2,6,0,3,7,5",3.023,434,19,19,15.762581999995746,2.650681000086479
"1,0,5,4,2,3,6,8,7",1.617,434,17,17,8.582697000005282,2.0341369999805465
"3,1,8,5,0,4,6,7,2",2.761,428,18,18,13.682457000017166,2.2260329999262467
"0,3,2,8,1,5,7,6,4",2.214,428,18,18,11.128159999963827,1.7939219999825582
"7,0,5,4,8,3,1,6,2",7.213,426,21,21,42.28637300000992,3.054638000088744
"0,1,2,4,8,3,7,6,5",2.472,424,18,18,12.549655999988317,2.6306880000047386
"0,7,4,2,3,1,8,6,5",4.389,422,20,20,23.222277999971993,2.5464320000028238
"1,4,2,0,6,5,3,8,7",1.743,422,17,17,10.539025999954902,1.8946569999679923
"0,4,3,2,5,8,6,7,1",4.031,416,20,20,21.889712000032887,2.706588999950327
"3,1,5,0,7,8,6,2,4",1.646,410,17,17,8.15641199995298,1.7794689999427646
"1,0,2,6,3,8,7,4,5",1.653,407,17,17,7.444204999948852,2.242674999986775
"6,3,5,7,1,0,8,4,2",2.898,404,19,19,15.17795699997805,1.85330099996645
"2,7,5,0,4,8,6,1,3",3.692,401,19,19,21.352740000002086,1.9802330000093207
"0,7,6,4,1,2,8,3,5",4.803,400,20,20,24.667888000025414,2.3224609999451786
"6,3,7,1,0,2,4,8,5",2.573,399,18,18,12.644719999982044,1.7477680000010878
"3,0,2,7,1,4,6,5,8",1.701,390,17,17,8.36199799994938,2.4816009999485686
"4,2,8,6,3,5,0,1,7",1.954,389,18,18,9.393123999936506,2.473204000038095
"1,4,2,3,8,5,7,0,6",1.784,389,17,17,9.601347000105307,1.7098260000348091
"0,5,2,3,1,8,7,6,4",2.469,388,18,18,13.273540999973193,2.9355109999887645
"6,4,2,5,3,8,1,7,0",1.931,386,18,18,9.326576999970712,2.4950320000061765
"5,3,1,0,4,2,6,8,7",1.620,386,17,17,8.460456999950111,1.7394939999794587
"2,5,6,7,4,1,0,3,8",5.244,384,20,20,28.102843999979086,1.6804850000189617
"6,2,5,3,1,4,7,0,8",1.582,383,17,17,8.738738999934867,1.5963069999124855
"1,2,5,4,3,0,7,6,8",1.517,382,17,17,7.836862999945879,1.6589989999774843
"1,6,4,8,0,7,3,2,5",5.663,379,20,20,29.008394000004046,2.521127999993041
"5,3,4,0,2,7,1,8,6",6.860,378,21,21,39.25146100006532,2.769255999941379
"0,8,2,3,1,7,6,4,5",2.350,373,18,18,12.785168000031263,1.7479029999813065
"6,3,1,0,2,4,5,8,7",2.920,371,19,19,16.11893700005021,1.633265999960713
"1,8,2,4,3,6,5,0,7",2.599,371,19,19,13.925232999958098,1.562061999924481
"2,3,5,7,1,8,0,6,4",2.114,371,18,18,10.614254000014625,1.5471769999712706
"2,5,4,1,8,3,7,0,6",3.571,370,19,19,17.84202700003516,1.6686879999469966
"1,8,5,0,3,2,6,7,4",1.333,369,17,17,5.8802479999139905,1.4960829999763519
"3,2,8,4,1,6,5,0,7",2.582,366,19,19,14.541484000044875,2.4104770000558347
"4,8,7,1,0,2,6,3,5",2.489,366,18,18,11.977476999978535,2.014755000011064
"3,1,7,2,4,5,6,0,8",1.459,366,17,17,7.564066999941133,1.9290889999829233
"3,8,7,5,1,2,4,6,0",3.647,365,20,20,18.488242999999784,1.7710760000627488
"3,2,0,8,5,4,6,1,7",2.401,364,18,18,12.009142999886535,1.5500009999377653
"3,5,7,6,0,2,4,1,8",2.611,361,18,18,16.362751999986358,2.754998999997042
"1,5,2,7,8,0,3,6,4",1.332,359,17,17,6.245285999961197,1.5943330000154674
"6,1,2,4,7,5,8,0,3",1.276,359,17,17,5.9471890000859275,1.5920469999546185
"8,0,2,3,7,5,4,1,6",3.659,358,19,19,22.413056000019424,2.778745000017807
"3,5,7,0,1,8,2,4,6",8.552,356,21,21,46.52419699996244,2.4272660000715405
"5,7,4,1,2,3,6,8,0",5.204,354,20,20,29.3783570000669,1.6640670000342652
"5,6,1,8,0,4,3,7,2",5.608,353,20,20,31.34694199997466,1.9471070000436157
"5,7,0,6,2,3,4,1,8",5.341,353,20,20,28.987213999964297,1.6525039999978617
"2,4,8,3,5,7,1,0,6",3.018,351,19,19,14.968568000011146,1.435003999969922
"7,1,6,2,4,0,3,8,5",2.695,350,19,19,13.497468000045046,1.5476260000141338
"6,0,5,1,3,2,7,8,4",1.413,350,17,17,7.724015999934636,1.6647329999832436
"2,4,8,3,1,7,0,6,5",2.050,348,18,18,10.625040000071749,1.5677799999248236
"6,3,2,5,4,8,7,1,0",2.177,346,18,18,10.216396000003442,2.0850050000008196
"6,4,1,3,8,5,7,0,2",1.337,346,17,17,6.5351340000052005,2.032387000042945
"3,2,1,6,0,4,8,7,5",1.235,346,16,16,5.3985699999611825,2.1592040000250563
"0,7,1,3,5,2,6,4,8",1.090,346,16,16,5.522803999949247,1.908449999988079
"6,3,2,8,5,7,1,0,4",3.544,343,19,19,18.309226999990642,2.1038750000298023
"2,3,8,1,7,5,6,4,0",1.961,342,18,18,10.752700000070035,1.774822000064887
"6,3,2,5,1,0,4,7,8",1.541,341,17,17,7.852508999989368,1.3951920000836253
"3,8,1,0,2,4,6,7,5",1.318,341,17,17,6.649710000026971,1.375497000059113
"4,0,2,6,8,5,3,1,7",1.749,339,17,17,9.131684000021778,1.4306349999969825
"4,8,2,0,1,5,3,7,6",1.540,338,17,17,7.96216400002595,1.6286540000000969
"3,2,5,8,0,1,6,4,7",1.272,329,16,16,6.522717999992892,1.4248489999445155
"5,1,7,2,8,3,0,6,4",4.499,328,20,20,26.855496000032872,4.59525599994231
"0,1,6,3,5,4,7,8,2",1.945,328,18,18,10.814637999981642,1.47503199998755
"1,6,3,8,2,0,7,5,4",3.235,326,19,19,15.36114599998109,1.7492730000521988
"6,1,2,5,0,8,3,4,7",1.250,326,16,16,5.940318000037223,1.3029790000291541
"6,1,7,0,5,2,3,4,8",1.365,323,17,17,5.975349999964237,1.3345500000286847
"5,1,8,3,2,4,6,0,7",1.346,321,17,17,6.445516999927349,1.3370120000327006
"3,4,7,8,1,0,6,2,5",3.277,320,19,19,16.407361999968998,1.3059509999584407
"5,1,3,4,0,7,6,8,2",2.368,320,18,18,12.800306000048295,1.421072999946773
"1,2,4,3,7,8,6,5,0",1.120,319,16,16,7.084273000014946,1.3092460000189021
"1,7,2,0,6,3,8,4,5",1.504,318,17,17,8.314832999953069,1.2929609999991953
"3,2,4,0,1,5,7,8,6",1.417,318,17,17,6.40528400009498,2.501975000021048
"1,0,2,3,8,6,4,5,7",1.351,312,17,17,7.036500999936834,1.6336349999764934
"5,1,3,6,2,0,7,4,8",1.664,311,17,17,8.35484499996528,1.3139439999358729
"3,5,0,7,4,1,8,6,2",2.064,299,18,18,10.202075999928638,1.8882760000415146
"2,8,4,3,0,1,6,7,5",1.077,297,16,16,4.515962999896146,1.9294719999888912
"0,4,3,5,6,2,1,7,8",1.827,293,18,18,8.808893000008538,1.2004909999668598
"1,2,5,6,7,8,0,3,4",1.032,291,16,16,5.683688999968581,1.1917520000133663
"3,2,1,6,5,0,7,8,4",667,291,15,15,3.278298999997787,1.2399970000842586
"5,4,3,0,8,6,1,7,2",5.387,290,21,21,27.339517000014894,4.517057999968529
"3,5,7,0,4,1,6,2,8",1.420,290,17,17,6.4556859999429435,2.334186999942176
"3,7,4,5,6,0,1,8,2",2.825,289,19,19,14.712841000058688,1.794889000011608
"3,2,0,6,4,5,8,1,7",905,287,16,16,4.1519700000062585,1.3085169999394566
"3,1,2,8,6,5,0,7,4",737,287,16,16,3.520613999920897,1.1710119999479502
"6,3,7,4,5,1,8,0,2",3.322,286,19,19,17.842408000025898,1.3603569999104366
"6,2,0,7,1,4,3,8,5",866,276,16,16,3.7697380000026897,1.8894779999973252
"0,7,2,4,3,1,6,8,5",846,274,16,16,3.9382129999576136,1.6920330000575632
"3,2,8,4,0,7,1,5,6",2.307,273,18,18,10.496609000023454,1.8252050000010058
"5,4,2,3,0,8,1,6,7",1.050,271,16,16,5.389606000040658,1.125694999936968
"3,6,1,7,0,2,5,4,8",1.040,271,16,16,6.440809000050649,1.195430999970995
"2,5,3,6,1,0,7,4,8",1.620,270,17,17,9.431508000008762,1.1879039999330416
"2,0,1,3,5,8,6,4,7",668,268,15,15,3.3054400000255555,1.1725310001056641
"6,5,0,7,3,2,4,8,1",1.779,265,18,18,9.504772000014782,1.1896630000555888
"2,5,3,1,7,6,4,0,8",3.514,261,19,19,18.037015000008978,1.032818999956362
"2,1,5,4,0,7,6,8,3",1.059,261,16,16,5.0257800000254065,1.1396309999981895
"0,3,4,6,1,8,5,7,2",1.635,259,18,18,8.52067400002852,1.2132289999863133
"7,2,5,0,1,6,3,4,8",1.594,259,17,17,8.055523999966681,1.0973910000175238
"4,8,2,3,0,5,1,6,7",1.163,259,16,16,5.247742999927141,1.1448780000209808
"1,2,8,5,0,3,6,4,7",1.212,258,16,16,6.493111000047065,1.3133309999248013
"1,3,2,6,0,5,4,7,8",547,258,14,14,2.3053940000245348,1.0479979999363422
"2,8,0,4,1,6,5,3,7",3.316,249,20,20,18.299136999994516,1.2414499999722466
"1,2,7,8,3,4,5,0,6",2.866,249,19,19,14.397593999980018,1.7876939999405295
"1,2,6,3,0,7,8,5,4",2.193,249,18,18,10.519941000035033,1.6861349999671802
"5,1,2,0,3,8,6,4,7",698,248,15,15,4.354587000096217,1.0767840000335127
"4,6,2,7,0,1,3,8,5",1.210,237,16,16,5.646780000068247,1.1127469999482855
"1,0,5,6,2,7,3,4,8",722,235,15,15,4.5267689999891445,0.99800999998115
"1,8,2,4,3,7,6,5,0",701,233,16,16,5.82831500004977,0.9696160000748932
"7,3,6,4,0,1,8,2,5",5.631,232,20,20,29.788936999975704,0.9705770000582561
"4,8,2,7,0,3,1,6,5",2.642,231,18,18,14.316150999977253,0.9458909999812022
"2,8,6,7,3,5,0,1,4",3.678,229,20,20,19.200197999947704,0.9616360000800341
"3,1,4,0,8,7,6,2,5",1.479,229,17,17,7.974513000110164,1.0155059999087825
"3,7,0,5,8,1,6,2,4",1.996,228,18,18,9.763259999919683,1.0122230000561103
"3,5,7,4,0,1,6,2,8",1.042,228,16,16,4.3882209999719635,0.9160980000160635
"3,2,0,5,4,8,6,1,7",811,228,16,16,3.671907000010833,0.9103579999646172
"0,4,2,3,5,1,6,7,8",426,227,14,14,1.8912000000709668,0.9876230000518262
"3,1,5,6,0,2,4,7,8",504,226,14,14,2.4113300000317395,0.9758470000233501
"8,3,1,4,0,2,6,7,5",1.084,223,16,16,6.203990000067279,1.0056280000135303
"2,1,5,0,6,8,3,4,7",652,222,15,15,2.943715999950655,0.9932820000685751
"5,1,2,0,4,6,3,7,8",673,221,15,15,3.004136999952607,0.9167330000782385
"3,2,5,0,6,7,1,8,4",1.656,220,17,17,8.910871000029147,0.9563000000780448
"1,6,5,0,3,8,4,2,7",1.538,220,17,17,7.749282000004314,0.987974000046961
"4,2,8,1,0,5,6,7,3",899,220,16,16,3.978847000049427,1.243650000076741
"7,4,2,1,3,5,6,0,8",697,219,15,15,2.9650479999836534,0.8634430000092834
"8,5,4,1,6,2,3,0,7",1.411,218,17,17,6.7287970000179484,0.9505270000081509
"6,3,2,4,0,8,1,5,7",1.003,218,16,16,5.588605999946594,0.9682070000562817
"1,2,8,5,0,6,3,7,4",791,218,16,16,3.872579999966547,0.9034199999878183
"1,4,3,0,5,8,6,2,7",1.553,217,17,17,7.454838000005111,2.1583020000252873
"3,1,4,8,6,0,7,5,2",1.478,217,17,17,7.307543999981135,1.0286910000722855
"1,5,4,2,7,6,0,3,8",1.599,216,18,18,8.364173999987543,1.0322729999898002
"4,8,2,5,1,7,0,3,6",1.673,212,18,18,8.119148999918252,1.0095159999327734
"3,2,7,4,8,0,1,6,5",1.429,212,17,17,6.202858000062406,1.6194450000766665
"4,3,2,7,8,5,6,1,0",1.014,212,16,16,4.644048000103794,0.9384000001009554
"0,1,2,4,7,3,5,6,8",778,212,16,16,3.523360999999568,0.9125450000865385
"0,3,2,4,5,8,7,1,6",917,210,16,16,3.8818909999681637,0.8234060000395402
"1,8,4,3,7,5,0,6,2",817,210,16,16,4.407690999913029,0.8687090000603348
"6,4,2,0,7,5,1,3,8",658,208,15,15,2.8317800000077114,0.8705129999434575
"3,8,1,6,0,5,7,4,2",939,206,16,16,4.000603000051342,0.8506999999517575
"0,6,1,4,3,5,7,2,8",857,206,16,16,4.488896000082605,0.7936489999992773
"3,5,6,1,2,0,4,7,8",1.439,202,17,17,6.916677000001073,0.8255669999634847
"2,8,6,1,5,0,4,3,7",2.623,201,19,19,11.820681000011973,0.8261400000192225
"1,3,7,4,0,2,6,8,5",1.265,200,16,16,6.116928000003099,1.210181999951601
"5,0,2,3,1,8,6,4,7",733,199,15,15,3.835840000072494,0.8202730000484735
"3,1,2,6,7,0,5,8,4",706,198,15,15,3.266252000001259,0.8732859999872744
"4,2,0,6,3,1,5,7,8",899,197,16,16,4.063754000002518,0.7889349999604747
"0,2,5,8,3,7,1,6,4",1.343,195,18,18,6.296902999980375,0.8606719999806955
"0,2,4,3,7,1,8,6,5",754,194,16,16,4.04184299998451,0.9623570000985637
"5,0,2,1,4,8,6,3,7",663,194,15,15,3.6011109999381006,0.7680769999278709
"1,2,7,6,0,8,5,3,4",2.678,193,18,18,14.178738999995403,0.8338659999426454
"6,5,3,4,7,2,1,8,0",1.546,193,18,18,7.8619240000844,0.8846879999618977
"2,5,0,1,7,8,6,3,4",807,193,16,16,4.5410569999367,0.8301890000002459
"2,5,8,3,1,0,6,7,4",653,193,15,15,2.8352570000570267,0.7807449999963865
"3,1,5,6,7,4,8,0,2",575,193,15,15,2.377665000036359,1.684415000025183
"3,0,1,4,6,7,8,5,2",1.411,192,17,17,7.648671000031754,0.9428570000454783
"2,4,8,0,3,7,6,1,5",1.389,192,17,17,7.467307999962941,0.8392059999750927
"1,4,2,8,6,5,0,7,3",773,192,16,16,4.023932999931276,0.8998969999374822
"7,0,2,3,4,5,6,8,1",654,190,15,15,3.9618709998903796,0.7816140000941232
"2,5,7,1,8,6,4,0,3",2.968,189,19,19,14.383296999963932,0.7684010000666603
"2,5,1,7,3,6,4,8,0",2.024,189,18,18,9.854491000063717,0.7943049999885261
"8,1,2,0,4,3,6,7,5",700,189,15,15,3.0090269999345765,0.7417419999837875
"2,8,3,4,1,0,6,5,7",1.347,188,17,17,6.102269999915734,1.5110039999708533
"1,2,8,6,5,3,0,4,7",954,188,16,16,4.094001000048593,0.9781380000058562
"6,1,2,0,4,3,5,7,8",670,188,15,15,2.801121999975294,0.8211989999981597
"1,2,3,6,0,4,5,7,8",1.103,187,16,16,5.806984000024386,1.0963800000026822
"0,4,2,5,3,8,6,7,1",1.014,187,16,16,4.34999500005506,1.5739469999680296
"4,0,7,3,1,2,6,8,5",734,187,15,15,3.279145000036806,0.7846519999438897
"1,3,2,7,6,5,8,0,4",660,187,15,15,3.0181769999908283,0.8097149999812245
"5,4,8,1,0,2,3,6,7",959,186,16,16,4.548711000010371,0.7551300000632182
"7,5,0,6,1,4,2,3,8",1.599,184,18,18,6.904938000021502,0.7315279999747872
"6,0,1,4,3,2,5,7,8",590,184,15,15,3.327379999915138,0.7362920000450686
"3,1,4,0,6,8,5,7,2",1.451,183,17,17,6.888424000004306,0.758447999949567
"5,1,8,2,4,3,6,0,7",1.268,183,17,17,6.128522999933921,0.7527800000971183
"6,1,5,2,3,8,0,4,7",812,183,16,16,3.7708430000348017,0.7598899999866262
"6,3,1,0,4,5,7,2,8",671,183,15,15,2.8575109998928383,0.7126729999436066
"1,0,2,6,4,5,8,7,3",596,183,15,15,2.6026650000130758,0.7516240000259131
"2,3,8,1,0,7,6,4,5",927,182,16,16,4.870600999915041,0.8017819999950007
"3,1,5,0,8,2,4,6,7",716,182,15,15,4.636624000035226,0.7282480000285432
"2,0,7,1,3,5,6,4,8",654,182,15,15,3.178379000048153,0.8070730000035837
"3,0,1,7,6,2,5,4,8",638,182,15,15,2.8587939999997616,0.7436190000735223
"4,0,7,8,2,5,1,3,6",2.749,181,19,19,13.924013000098057,1.2205870000179857
"1,0,6,3,8,2,5,4,7",1.268,181,17,17,6.764055999927223,0.7848130000056699
"1,0,8,4,2,7,3,6,5",650,180,15,15,3.138800000073388,0.7421379999723285
"3,0,2,4,1,6,8,7,5",577,178,15,15,3.2437719999579713,0.7801090000430122
"3,1,2,6,5,4,8,7,0",400,177,14,14,1.7091890000738204,1.353317000088282
"1,0,2,6,3,5,4,7,8",312,177,13,13,1.2855709999566898,0.7525430000387132
"2,4,3,0,8,5,6,1,7",1.350,176,17,17,5.795375999994576,0.705839000060223
"3,1,2,7,8,4,5,0,6",639,176,15,15,2.819647000054829,0.7214920000405982
"3,2,0,6,4,5,1,7,8",353,176,14,14,2.128467999980785,1.4287029999541119
"1,2,8,6,5,4,0,7,3",727,175,16,16,4.321853999979794,0.7306580001022667
"1,5,4,2,8,6,7,3,0",1.391,173,18,18,6.308378999936394,0.8327270000008866
"3,6,2,7,4,5,1,0,8",669,173,15,15,3.6584160000784323,0.9914170000702143
"3,6,2,4,1,5,0,7,8",433,173,14,14,1.8700069999322295,0.7174279999453574
"1,8,2,6,3,7,5,0,4",1.310,172,17,17,6.517713000066578,0.7174039999954402
"4,1,2,8,3,0,6,5,7",656,171,15,15,2.9664320000447333,0.6705109999747947
"1,4,0,2,7,5,6,8,3",826,170,16,16,3.805051999981515,0.7720609999960288
"4,5,2,6,3,8,1,0,7",675,170,15,15,3.521076000062749,0.6919730000663549
"3,4,2,0,5,1,6,7,8",355,170,13,13,1.4573879999807104,0.6691940000746399
"1,2,7,8,6,3,0,5,4",1.864,169,18,18,9.283306000055745,0.7160440000006929
"4,2,3,7,6,1,5,0,8",1.553,168,17,17,7.13326200004667,0.7489940000232309
"0,7,3,1,2,4,6,8,5",940,167,16,16,4.331410999991931,0.7292430000379682
"2,8,3,6,1,5,4,0,7",1.318,166,17,17,5.792189999949187,0.7249409999931231
"5,7,4,3,1,2,6,0,8",666,165,15,15,4.135609000106342,0.7493600000161678
"3,1,2,5,4,8,7,6,0",450,165,14,14,1.9472890000324696,0.6286740000359714
"4,1,2,0,7,3,5,6,8",713,164,15,15,3.063075999962166,0.6802639999659732
"1,5,6,4,2,0,3,7,8",687,163,15,15,3.7957969999406487,0.7255570000270382
"1,7,2,0,4,5,6,3,8",317,163,13,13,1.3924419999821112,0.6930189999984577
"3,1,2,6,0,7,5,8,4",417,160,14,14,1.9967729999916628,0.7688170000910759
"3,1,2,7,5,0,8,4,6",579,159,15,15,3.8181770000373945,0.6624920000322163
"5,2,4,3,0,1,6,7,8",493,159,14,14,2.6875289999879897,0.8577329999534413
"2,0,4,3,1,5,6,7,8",340,159,13,13,1.8568840000079945,0.5938709999900311
"7,1,5,6,0,4,2,3,8",1.017,158,16,16,5.251344999996945,0.7130830000387505
"6,3,5,4,0,1,7,8,2",917,158,16,16,4.149135999963619,0.6409040000289679
"1,4,2,6,5,0,8,7,3",615,158,15,15,3.2192020000657067,0.7643669999670237
"3,1,8,6,0,4,5,2,7",883,155,16,16,4.578618999919854,0.8997500000987202
"7,1,2,4,8,6,3,5,0",872,155,16,16,4.3519230000674725,0.741924999980256
"3,2,8,4,5,7,1,6,0",726,155,16,16,3.20497299998533,0.6690439999802038
"1,5,0,3,6,2,4,7,8",369,155,14,14,1.6494119999697432,0.6285020000068471
"3,5,8,4,1,7,2,6,0",1.416,154,18,18,6.060612000059336,0.600235000019893
"3,0,2,6,8,5,1,4,7",671,153,15,15,2.977054000017233,0.6077720000175759
"3,1,2,7,0,5,8,4,6",399,151,14,14,1.6243699999758974,0.5682149999774992
"2,0,7,1,8,5,3,4,6",1.368,150,17,17,6.233498999965377,0.5868790000677109
"6,2,8,7,3,0,4,5,1",1.335,149,17,17,7.1440029999939725,0.6464930000947788
"0,3,1,7,2,4,5,6,8",820,149,16,16,3.718782000010833,0.6186379999853671
"0,4,8,2,3,1,6,5,7",652,149,16,16,3.55808399990201,0.9593400000594556
"4,2,8,3,1,5,0,6,7",371,149,14,14,1.5188970000017434,0.5649340000236407
"6,2,5,1,8,4,7,3,0",873,147,16,16,3.8693649999331683,0.7683120000874624
"5,1,2,3,0,6,7,4,8",478,146,14,14,2.015525999944657,1.4858310000272468
"3,1,0,4,7,2,5,6,8",430,146,14,14,2.1202489999122918,0.6082310000201687
"6,3,1,7,8,0,5,4,2",1.311,144,17,17,7.156394999939948,0.6639529999811202
"3,8,1,6,0,4,5,7,2",867,144,16,16,4.726528000086546,0.5880119999637827
"6,5,1,4,0,2,7,3,8",449,142,14,14,2.461825000005774,0.5499530000379309
"4,5,3,2,8,7,0,1,6",3.242,141,20,20,15.968275999999605,0.5893419999629259
"1,4,3,5,2,8,0,6,7",665,138,16,16,3.0225599999539554,0.6153759999433532
"3,2,7,8,6,1,0,4,5",657,135,16,16,2.6969139999710023,0.5348069999599829
"5,1,4,2,0,3,6,7,8",357,135,14,14,1.51342700002715,1.053946000058204
"4,1,5,3,2,8,6,0,7",306,133,13,13,1.5387600000249222,0.5414800000144169
"1,7,2,6,4,5,3,0,8",332,130,13,13,1.3827400000300258,0.49739000003319234
"3,1,8,6,5,2,0,4,7",382,127,14,14,1.5241239999886602,0.6908550000516698
"1,2,7,0,4,5,3,6,8",316,126,13,13,1.2565709999762475,0.5114029999822378
"3,6,1,7,5,2,8,0,4",555,125,15,15,2.248621999984607,1.0886290000053123
"0,6,1,3,7,2,4,8,5",355,125,14,14,1.465931999962777,0.4813309999881312
"7,6,2,4,3,1,8,0,5",1.493,123,17,17,6.964644000050612,0.5575200000312179
"4,0,2,5,1,3,6,7,8",316,123,13,13,1.2667270000092685,0.474623000016436
"7,4,2,0,3,5,1,6,8",312,121,13,13,1.2074410000350326,0.9047570000402629
"2,0,5,1,8,3,6,7,4",581,119,15,15,2.518923999974504,0.4765449999831617
"1,4,0,5,2,3,6,7,8",377,119,14,14,1.5182860000059009,0.46092400001361966
"6,3,2,4,7,8,0,5,1",851,115,16,16,3.682135000010021,0.4589350000023842
"2,3,8,6,1,4,0,5,7",784,115,16,16,3.4583700000075623,0.4810739998938516
"1,4,5,6,0,3,7,2,8",409,113,14,14,1.6934739999705926,0.42961099999956787
"7,0,2,4,1,6,3,8,5",620,112,15,15,2.7893410000251606,0.552854000008665
"1,2,0,3,8,4,6,7,5",158,112,12,12,1.38756500009913,0.4335440000286326
"4,3,1,6,5,7,8,0,2",449,111,15,15,1.9374410000164062,0.4625490000471473
"1,2,7,3,8,0,6,5,4",292,111,13,13,1.924496000050567,0.4385450000409037
"3,1,5,0,7,4,6,8,2",244,111,13,13,1.0041290000081062,0.4895130000077188
"3,2,1,5,0,4,6,7,8",222,109,12,12,0.8631629999727011,0.4701769999228418
"1,6,2,4,5,0,3,7,8",315,108,13,13,1.309504000004381,0.41035000002011657
"3,2,4,6,1,5,0,7,8",177,108,12,12,0.7642939999932423,0.42489800008479506
"2,5,1,0,3,4,6,7,8",298,107,13,13,1.227417999994941,0.43125400005374104
"2,3,5,4,6,8,0,1,7",794,106,16,16,3.4254790000850335,0.41258599993307143
"0,2,5,3,1,8,7,4,6",321,105,14,14,1.240639999974519,0.3987879999913275
"4,1,8,5,0,3,6,2,7",923,104,16,16,4.228772999951616,0.4371159999864176
"3,1,2,4,7,6,8,0,5",268,103,13,13,1.2426790000172332,0.452839000034146
"2,5,0,3,6,8,1,4,7",763,102,16,16,3.6137609999859706,0.40798400004860014
"1,5,8,0,4,2,3,6,7",213,102,13,13,0.9293520000064746,0.45773699996061623
"1,2,0,3,5,8,6,7,4",184,102,12,12,2.8184480000054464,0.7650790000334382
"0,7,5,3,4,1,6,8,2",309,101,14,14,1.2538400000194088,0.3786500000860542
"0,6,2,1,4,5,3,7,8",188,101,12,12,0.8186139999888837,0.40164000005461276
"4,0,3,6,5,8,7,2,1",1.369,100,17,17,6.505669999984093,0.45277099998202175
"2,5,8,4,0,3,1,6,7",801,99,16,16,3.9069280000403523,0.39874799991957843
"4,2,8,1,0,7,6,3,5",453,99,14,14,1.9823409999953583,0.39483800006564707
"1,2,0,8,7,5,3,6,4",350,99,14,14,1.4931429999414831,0.38216899998951703
"5,1,0,3,4,7,6,8,2",322,99,14,14,1.2805649999063462,0.36157499998807907
"4,6,2,7,1,5,3,0,8",312,99,13,13,1.4006059999810532,0.38331100007053465
"0,5,7,4,1,2,3,6,8",363,98,14,14,1.6051770000485703,0.4073700000299141
"1,0,4,5,6,2,3,7,8",301,98,13,13,1.4157549999654293,0.3784120000200346
"0,5,1,3,8,7,2,4,6",1.590,97,18,18,8.772500999970362,0.42700699996203184
"1,0,4,8,7,2,5,3,6",1.382,97,17,17,6.078273999970406,0.39225399994757026
"6,0,3,4,5,2,1,7,8",623,97,15,15,2.6866140000056475,0.3735490000108257
"2,4,5,3,8,0,6,1,7",288,97,13,13,1.2248780000954866,0.43673399998806417
"1,6,2,7,0,4,8,3,5",412,95,14,14,1.7323600000236183,0.370630000019446
"6,1,4,7,0,2,3,5,8",382,95,14,14,1.630276000010781,0.3625639999518171
"6,2,5,1,4,3,7,8,0",354,95,14,14,1.4475350000429899,0.35606399993412197
"2,5,8,3,4,7,6,1,0",339,95,14,14,1.3772069999249652,0.3578980000456795
"4,2,3,5,1,0,6,7,8",313,95,13,13,2.5110420000273734,0.41362999996636063
"3,1,2,8,7,0,6,5,4",301,95,13,13,1.6107410000404343,0.3856699999887496
"5,1,2,3,7,0,4,6,8",254,95,13,13,1.057624000008218,0.3590630000689998
"1,6,2,4,0,5,3,7,8",248,95,12,12,1.0296610000077635,0.36316599999554455
"6,3,0,8,2,1,7,5,4",644,93,16,16,3.201801999937743,0.3863509999355301
"3,1,5,0,8,7,2,6,4",473,93,15,15,2.635177999967709,1.1956699999282137
"0,1,5,4,2,7,3,8,6",345,93,14,14,1.4147730000549927,0.3536450000246987
"6,1,2,4,5,8,7,0,3",275,93,13,13,2.0747299999929965,0.3821699999971315
"3,5,4,2,0,8,6,1,7",493,92,14,14,2.106413000030443,0.3556610000086948
"2,4,5,0,7,1,3,6,8",296,92,13,13,1.205803000018932,0.42397499992512167
"3,7,1,4,5,0,6,2,8",289,92,13,13,1.1991250000428408,0.35747000004630536
"8,3,2,0,1,4,6,7,5",288,92,13,13,1.1727060000412166,0.37841899995692074
"1,7,2,4,3,5,6,8,0",172,92,12,12,0.7744569999631494,0.3474009999772534
"4,3,2,1,8,7,6,5,0",145,92,12,12,0.6240700000198558,0.3772130000870675
"4,5,3,8,6,7,1,0,2",2.812,91,19,19,13.918605000013486,0.38437500002328306
"0,4,3,7,2,1,5,6,8",710,91,16,16,3.127292999997735,0.42025600001215935
"5,4,1,6,3,2,7,0,8",285,91,13,13,1.155345999985002,0.3396749999374151
"1,2,4,3,6,5,7,8,0",177,91,12,12,0.7028249999275431,0.3488389999838546
"0,5,1,3,6,4,7,8,2",331,90,14,14,1.3974389999639243,0.38095200003590435
"4,6,1,3,8,2,7,0,5",220,89,13,13,1.1239579999819398,0.8032890000613406
"2,5,4,0,6,8,1,7,3",1.362,88,17,17,7.042378999991342,0.3648469999898225
"6,4,3,1,2,0,7,8,5",547,88,15,15,2.257707000011578,0.3431920000584796
"3,7,1,6,0,4,8,5,2",355,88,14,14,1.549754999927245,0.38124499993864447
"6,1,5,2,3,4,0,7,8",347,88,14,14,1.42179000005126,0.7728220000863075
"1,7,4,6,3,5,0,2,8",330,88,14,14,1.4432200000155717,0.3534310000250116
"2,7,5,3,1,4,6,0,8",292,88,13,13,1.1830279999412596,0.3300250000320375
"3,2,8,5,1,0,6,7,4",235,88,13,13,1.0608860000502318,0.3301859999774024
"3,6,2,4,0,5,7,1,8",214,88,12,12,1.0130199999548495,0.3689679999370128
"4,8,3,1,5,2,0,6,7",690,87,16,16,2.977718000067398,0.35519599996041507
"3,8,1,6,2,4,7,5,0",322,87,14,14,1.2969390000216663,0.3724220000440255
"2,4,5,3,1,8,6,7,0",177,87,12,12,0.7465990000637248,0.34389299992471933
"0,5,4,1,2,8,7,3,6",646,86,16,16,2.673630000092089,0.7652539999689907
"3,1,5,7,6,0,2,8,4",549,86,15,15,2.789318000082858,1.2513539999490604
"7,1,2,4,5,8,3,0,6",295,86,13,13,1.1671360000036657,0.3302830000175163
"3,0,5,6,8,1,7,2,4",631,85,15,15,2.833238000050187,0.3652310000034049
"4,5,3,7,6,2,1,0,8",466,85,15,15,2.0394530000630766,0.3284569999668747
"3,1,2,7,6,0,5,4,8",273,85,13,13,1.1207579999463633,0.3403720000060275
"3,0,2,4,5,8,1,6,7",258,85,13,13,1.0647899999748915,0.3182850000448525
"5,3,1,0,7,4,6,8,2",599,84,15,15,2.7512590000405908,0.3391680000349879
"2,8,3,1,5,0,6,4,7",542,84,15,15,2.348751000012271,0.42103600001428276
"7,3,4,1,8,0,6,5,2",533,84,15,15,3.0028199999360368,0.32974600000306964
"3,2,5,8,6,7,4,0,1",513,84,15,15,3.407080000033602,0.38200600002892315
"4,2,5,3,1,7,0,6,8",163,84,12,12,0.7057839999906719,0.34161000000312924
"2,4,5,8,0,7,1,3,6",775,83,16,16,3.190565999946557,0.3319449999835342
"6,8,3,4,0,1,7,5,2",752,83,16,16,3.6813079999992624,0.41048700001556426
"1,7,2,3,8,6,4,5,0",364,83,14,14,1.5450029999483377,0.3636189999524504
"7,5,0,2,1,4,3,6,8",334,83,14,14,1.3727020000806078,0.3432930000126362
"1,2,0,3,6,8,5,4,7",322,83,14,14,1.4522719999076799,0.354382999939844
"3,1,2,7,4,5,8,6,0",152,83,12,12,0.6641229999950156,0.3284579999744892
"4,5,3,7,2,0,1,6,8",520,82,15,15,2.423024999909103,0.34555600001476705
"0,3,2,6,7,4,8,1,5",369,82,14,14,2.700796000077389,0.32011700002476573
"1,0,5,3,8,4,6,2,7",259,82,13,13,1.0735679999925196,0.3063839999958873
"1,2,5,3,4,6,7,8,0",167,82,12,12,0.6702710000099614,0.7083299999358132
"1,0,4,8,6,2,3,5,7",610,81,15,15,4.297695999965072,0.42099400004372
"3,0,7,8,2,1,4,6,5",496,80,15,15,2.3979599999729544,0.34955299994908273
"3,2,7,8,6,1,4,0,5",489,80,15,15,1.9742499999701977,0.3268099999986589
"5,4,2,1,0,3,6,7,8",209,80,12,12,0.8522759999614209,0.3100470000645146
"5,2,0,1,3,8,4,6,7",330,79,14,14,1.378872000030242,0.30581599997822195
"5,4,1,3,2,8,6,0,7",273,79,13,13,1.890720999916084,0.29456500010564923
"3,1,5,0,6,8,4,2,7",210,79,13,13,1.6886490000179037,0.324527999968268
"1,0,4,3,2,6,7,8,5",206,79,13,13,0.8590369999874383,0.30384900001809
"6,1,2,4,0,3,7,8,5",169,79,12,12,0.6757859999779612,0.2932380000129342
"0,1,4,6,7,2,8,3,5",332,78,14,14,1.355020000017248,0.5160690000047907
"3,8,0,4,2,7,6,1,5",307,78,14,14,1.292280999943614,0.3308519999263808
"1,0,2,5,4,8,7,3,6",227,78,13,13,0.9088849999243394,0.29067499993834645
"4,3,1,0,6,5,7,8,2",250,77,13,13,0.9873870000010356,0.2931289999978617
"4,2,5,6,3,8,7,0,1",229,77,13,13,0.9221899999538437,0.2978710000170395
"1,7,2,4,3,6,0,8,5",381,76,14,14,1.6969210000243038,1.3290660000639036
"4,5,6,1,2,0,7,3,8",516,75,15,15,2.2690200000070035,0.2922430000035092
"6,3,2,4,0,5,1,7,8",227,75,12,12,0.9425650000339374,0.29355499998200685
"1,7,2,3,8,5,0,6,4",182,75,12,12,1.169292000005953,0.31300399999599904
"6,1,2,4,5,8,7,3,0",156,75,12,12,0.6803370000561699,0.3102159999543801
"3,5,8,2,1,7,6,0,4",577,74,15,15,3.006738999974914,0.318570000003092
"6,3,2,7,8,0,4,5,1",561,74,15,15,2.3304749999661,0.33210400003008544
"3,1,0,6,2,5,7,8,4",118,74,12,12,0.4832789999200031,0.3245030000107363
"5,7,0,3,6,1,4,8,2",639,73,16,16,2.535243000020273,0.27548700000625104
"3,2,5,6,4,7,8,0,1",246,73,13,13,1.745106999995187,0.3020250000990927
"6,1,0,4,3,2,7,8,5",170,73,12,12,0.6724290000274777,0.2815369999734685
"4,1,2,5,3,0,6,7,8",165,73,11,11,0.6808479999890551,0.2670759999891743
"4,5,7,0,2,8,1,3,6",1.322,72,17,17,5.9095450000604615,0.3062819999177009
"4,2,5,6,0,1,7,8,3",511,72,14,14,2.100616000010632,0.27393500006292015
"0,2,5,4,1,6,7,3,8",363,72,14,14,1.6801749999867752,0.28137999994214624
"4,6,2,1,3,5,0,7,8",187,72,12,12,0.7639060000656173,0.29652299999725074
"6,5,3,1,4,0,7,8,2",508,71,15,15,2.1408719999017194,0.32341399998404086
"2,5,8,0,6,4,1,3,7",497,71,15,15,2.6157089999178424,0.3106639999896288
"2,5,0,1,3,7,4,6,8",323,71,14,14,1.323952000006102,0.2702529999660328
"3,7,1,6,2,0,8,4,5",214,71,13,13,0.8944389999378473,0.28821699996478856
"3,2,8,6,5,1,7,0,4",192,71,13,13,0.8624529999215156,0.35178599995560944
"5,4,1,0,3,2,6,7,8",146,71,11,11,0.5976730000693351,0.31472499994561076
"4,8,3,6,0,2,7,5,1",962,70,16,16,4.933456000057049,0.2892200000351295
"6,1,5,2,3,4,7,0,8",258,69,13,13,1.0968019999563694,0.26597900001797825
"6,1,4,5,3,2,7,0,8",243,69,13,13,1.0107909999787807,0.25919200002681464
"2,0,5,1,3,7,4,6,8",205,69,13,13,0.8357810000889003,0.2717590000247583
"1,5,7,0,3,2,6,8,4",205,69,13,13,0.8306229999288917,0.2691990000894293
"3,1,5,2,0,7,6,8,4",167,69,12,12,0.8352210000157356,0.43114000000059605
"5,1,2,0,4,8,3,6,7",130,69,11,11,0.6723960000090301,0.28016299998853356
"4,8,3,6,2,0,5,1,7",1.286,68,17,17,5.502589000039734,0.26913100003730506
"1,5,4,6,2,8,0,7,3",320,67,14,14,1.2792869999539107,0.26322600001003593
"6,2,5,1,0,3,7,4,8",190,67,12,12,0.7740599999669939,0.26156000001356006
"3,1,0,6,2,4,7,5,8",176,67,12,12,0.8637820000294596,0.25062399997841567
"0,2,5,4,1,8,6,3,7",173,67,12,12,0.6854550000280142,0.25785200006794184
"3,1,2,0,7,4,8,6,5",127,66,11,11,0.5638200000394136,0.25087500002700835
"5,1,0,3,2,8,4,6,7",331,65,14,14,1.3726539999479428,0.2511179998982698
"0,1,2,6,4,8,5,3,7",157,65,12,12,0.8188880000961944,0.28815499995835125
"1,4,0,8,6,2,3,5,7",339,63,14,14,1.3922889999812469,0.24452100007329136
"1,7,4,3,0,8,6,5,2",174,63,12,12,0.7087489999830723,0.2376989999320358
"3,2,0,4,7,5,1,6,8",171,63,12,12,1.091662000049837,0.6046199999982491
"4,2,5,1,0,8,3,7,6",164,63,12,12,0.627612000098452,0.2478499999269843
"4,0,1,7,3,2,6,8,5",132,63,11,11,0.552460000035353,0.24422100000083447
"4,3,0,7,6,1,5,8,2",710,62,16,16,2.964920000056736,0.2512779999524355
"5,8,0,1,3,7,6,2,4",651,62,16,16,2.79808800003957,0.24930400005541742
"4,1,3,0,6,2,7,8,5",194,62,13,13,0.8066830000607297,0.2605009999824688
"0,1,4,3,5,8,6,2,7",154,62,12,12,0.6618549999548122,0.2605729999486357
"4,7,3,8,2,0,1,6,5",1.270,61,17,17,5.536573999910615,0.25684399995952845
"5,4,8,1,3,0,6,2,7",488,61,15,15,2.2321630000369623,0.2469460000284016
"4,2,5,7,0,8,1,3,6",383,61,14,14,1.561809999984689,0.23931700002867728
"1,4,2,5,0,8,7,3,6",166,61,12,12,0.7301899999147281,0.2412010000552982
"6,4,2,0,3,5,7,1,8",140,61,11,11,0.5939769999822602,0.22915099991951138
"1,5,4,7,8,6,3,0,2",429,60,15,15,1.8350189999910071,0.2681899999734014
"3,2,5,8,0,7,4,6,1",405,60,14,14,1.6449009999632835,0.23527400009334087
"0,3,5,6,2,4,7,8,1",337,60,14,14,1.322353999945335,0.2270400000270456
"3,8,1,4,2,7,6,0,5",266,60,13,13,1.122501999954693,0.2410389999859035
"3,5,8,2,1,0,6,4,7",260,60,13,13,1.2425140000414103,0.2538010000716895
"7,0,1,5,3,2,4,6,8",240,60,13,13,0.9526509999996051,0.2224770000902936
"1,2,5,6,0,8,7,4,3",198,60,12,12,0.7914240000536665,0.22290299995802343
"4,2,0,1,8,5,6,3,7",174,60,12,12,1.3972620000131428,0.24170000001322478
"1,5,4,0,6,8,7,2,3",471,59,15,15,2.7084000000031665,0.24769899994134903
"3,5,0,7,1,4,2,6,8",322,59,14,14,1.3826659999322146,0.23190300003625453
"2,0,3,1,4,5,6,7,8",137,59,11,11,0.6856739999493584,0.22585799999069422
"1,4,3,0,5,2,6,7,8",125,59,11,11,0.5129179999930784,0.28319200000260025
"6,3,4,2,8,1,7,0,5",462,58,15,15,1.9159549999749288,0.27653999999165535
"6,0,3,7,4,2,8,1,5",453,58,15,15,1.870102999964729,0.23063900007400662
"3,2,8,6,4,1,5,0,7",189,58,13,13,0.7929170000134036,0.2756039999658242
"6,3,2,1,8,0,7,5,4",183,58,13,13,0.7694239999400452,0.26082900003530085
"4,5,6,1,0,2,7,3,8",394,57,14,14,1.7094120000256225,0.2502099999692291
"0,6,2,1,3,8,7,5,4",348,57,14,14,1.8595519999507815,0.21906500007025898
"7,0,1,3,8,2,4,6,5",190,57,13,13,0.8373699999647215,0.2959170000394806
"3,2,7,4,1,5,0,6,8",176,57,12,12,0.9070400000782683,0.3638679999858141
"0,1,2,3,7,8,4,5,6",131,57,12,12,0.5368930000113323,0.21274599991738796
"2,5,3,4,7,0,1,6,8",524,56,15,15,2.4036639999831095,0.31946899998001754
"1,2,7,6,3,4,8,0,5",248,56,13,13,0.9309349999530241,0.21321900002658367
"7,2,0,1,3,5,4,6,8",155,56,12,12,1.1072469999780878,0.2224579999456182
"1,5,0,3,8,4,6,2,7",147,56,12,12,0.5799230000702664,0.22200899990275502
"4,0,5,2,3,1,6,7,8",116,56,11,11,0.49411199998576194,0.21911700000055134
"4,6,2,0,1,5,7,3,8",109,56,11,11,0.48955399997066706,0.21978899999521673
"5,0,1,3,2,8,4,6,7",270,55,13,13,1.1359050000319257,0.2842060000402853
"3,0,5,6,2,8,1,4,7",198,55,13,13,0.8828380000777543,0.21394399995915592
"1,6,2,3,4,5,0,7,8",83,55,10,10,0.3576469999970868,0.19861299998592585
"3,1,4,7,8,2,6,5,0",122,54,12,12,0.5018440000712872,0.21488800004590303
"7,0,2,1,3,5,4,6,8",109,54,11,11,0.45828200003597885,0.21527000004425645
"3,2,5,7,6,1,4,0,8",104,54,11,11,0.42109000007621944,0.2055330000584945
"4,5,3,0,2,8,1,6,7",508,53,15,15,2.199780000024475,0.21212699997704476
"3,2,5,6,0,8,1,4,7",199,53,12,12,0.7781459999969229,0.20418300002347678
"5,3,2,4,1,8,0,6,7",162,53,12,12,0.6994720000075176,0.1897610001033172
"6,3,2,0,7,5,4,1,8",121,52,11,11,0.6365079999668524,0.2708119999151677
"1,5,4,7,2,0,3,6,8",95,52,11,11,0.39452599990181625,0.1991789999883622
"3,1,4,5,0,7,6,8,2",192,51,12,12,0.7757589999819174,0.2661439999938011
"1,7,2,3,0,8,4,5,6",179,51,12,12,0.8572890000650659,0.20964999997522682
"5,3,4,6,1,2,0,7,8",158,51,12,12,0.6354239999782294,0.4503580000018701
"4,2,5,6,1,3,7,8,0",143,51,12,12,0.6560010000830516,0.18121299997437745
"1,5,8,3,0,2,6,4,7",85,51,10,10,1.2286529999691993,0.20642199995927513
"3,1,2,7,0,4,8,6,5",85,51,10,10,0.33860399993136525,0.2045520000392571
"3,5,1,7,6,2,4,0,8",85,51,11,11,0.3279249999905005,0.6907769999234006
"4,3,1,6,0,7,8,5,2",350,50,14,14,1.5197949999710545,0.37456000002566725
"3,5,1,6,4,7,8,0,2",174,50,13,13,0.7133320000721142,0.19233700004406273
"3,1,0,2,7,5,6,8,4",134,50,12,12,0.5347250000340864,0.18820500001311302
"4,0,2,7,3,5,1,6,8",102,50,11,11,0.4389310000697151,0.19179100007750094
"4,5,3,0,1,2,6,7,8",102,50,11,11,0.43125300004612654,0.7161679998971522
"1,0,8,3,2,4,6,5,7",101,50,11,11,0.4183040000498295,0.19304400007240474
"1,2,5,7,4,8,3,0,6",92,50,11,11,0.37706800003070384,0.19992199994158
"5,3,0,1,7,4,6,8,2",333,49,14,14,1.5593860000371933,0.2196789999725297
"4,3,2,7,6,0,1,8,5",209,49,13,13,0.9636719999834895,0.20059599995147437
"4,3,5,2,0,8,6,1,7",201,49,12,12,0.8158449999755248,0.193879000027664
"4,0,2,6,3,7,8,1,5",194,49,13,13,0.76266900007613,0.17925499996636063
"1,0,4,3,5,8,6,2,7",93,49,11,11,0.3728039999259636,0.21268799994140863
"3,5,0,2,1,8,6,4,7",155,48,12,12,0.6562379999086261,0.21290799998678267
"3,1,0,5,2,4,6,7,8",88,48,10,10,0.38391600002069026,0.19194799999240786
"6,1,2,0,4,5,7,3,8",71,48,9,9,0.29909999994561076,0.17517099995166063
"5,0,1,3,4,2,6,7,8",70,48,9,9,0.29145700007211417,0.18452600005548447
"4,3,0,7,2,1,5,6,8",315,47,14,14,2.0115229999646544,0.21857300004921854
"3,1,4,7,6,2,0,5,8",147,47,12,12,1.3883260000729933,0.17744500003755093
"1,4,2,6,8,0,7,5,3",99,47,11,11,0.5240120000671595,0.2382460000226274
"1,2,7,3,4,5,6,8,0",84,47,10,10,0.3304970000172034,0.16857900004833937
"3,1,2,6,0,7,8,4,5",83,47,10,10,3.20840300002601,1.1793029999826103
"3,2,5,1,8,7,0,4,6",323,46,14,14,1.3449940000427887,0.18177700007800013
"4,5,8,1,2,0,6,3,7",249,46,13,13,0.9723210000665858,0.1759069999679923
"3,8,1,6,0,2,7,5,4",186,46,12,12,0.841249999939464,0.20323099999222904
"0,3,1,4,5,8,6,2,7",161,46,12,12,0.8399369999533519,0.19956099998671561
"1,2,5,3,7,8,0,4,6",146,46,12,12,0.5984129999997094,0.18452599993906915
"2,5,0,3,1,8,4,6,7",112,46,12,12,0.5425289999693632,0.22511200001463294
"3,0,4,6,1,2,7,5,8",97,46,11,11,0.8248730000341311,0.17522900004405528
"4,3,2,1,0,7,6,8,5",80,46,10,10,0.3218950000591576,0.17485599999781698
"1,2,7,6,3,4,0,8,5",129,45,12,12,0.5245670001022518,0.17591500002890825
"0,2,7,4,8,3,1,6,5",718,44,16,16,3.1075480000581592,0.17377200000919402
"4,7,2,1,8,6,3,0,5",257,44,13,13,1.0423010000959039,0.1816190000390634
"3,2,8,7,1,6,4,5,0",240,44,14,14,0.9051139999646693,0.1722620000364259
"1,6,3,0,5,2,7,4,8",228,44,13,13,0.9358600000850856,0.16851699992548674
"7,3,2,1,5,8,4,0,6",218,44,13,13,1.3534220000728965,0.1857010000385344
"7,3,2,1,6,0,4,8,5",200,44,13,13,0.8239470000844449,0.18463699996937066
"4,2,5,6,3,0,7,1,8",111,44,11,11,0.5809909999370575,0.2701259999303147
"1,2,8,5,4,7,3,6,0",103,44,12,12,0.4501699999673292,0.16560899990145117
"2,0,5,3,1,8,4,6,7",102,44,11,11,0.4059780000243336,0.16862800007220358
"1,2,5,0,6,8,4,3,7",99,44,11,11,0.4497620000038296,0.1834779999917373
"3,2,8,4,5,1,6,0,7",96,44,11,11,0.4590159999206662,0.21317299990914762
"1,4,2,0,7,8,3,5,6",93,44,11,11,0.38783499994315207,0.1989430000539869
"3,0,4,6,2,1,7,8,5",93,44,11,11,0.35812700004316866,0.17511000006925315
"1,2,5,3,6,7,4,0,8",92,44,11,11,0.37040400004480034,0.172867999994196
"3,1,4,6,5,0,7,8,2",90,44,11,11,0.3449950000504032,0.16177999996580184
"1,2,5,3,0,6,7,4,8",88,44,10,10,0.34785100002773106,0.16760099993553013
"4,0,5,1,2,7,6,8,3",256,43,13,13,1.002567999996245,0.1647530000191182
"4,3,2,0,6,8,7,5,1",240,43,13,13,1.0396459999028593,0.232787000015378
"3,5,8,6,2,0,7,1,4",208,43,13,13,0.9551940000383183,0.21659500000532717
"4,7,3,1,8,2,6,0,5",207,43,13,13,0.8383819999871776,0.17263699998147786
"1,2,7,3,8,4,6,0,5",99,43,11,11,0.9399889999767765,0.1749889999628067
"1,2,5,4,6,8,3,7,0",70,43,10,10,0.29949799994938076,0.1662670000223443
"2,5,0,4,3,8,1,6,7",281,42,14,14,1.1002680000383407,0.17562800005543977
"4,3,1,5,0,7,6,8,2",163,42,12,12,0.6475360000040382,0.1668510000454262
"1,5,4,3,8,0,6,2,7",99,42,11,11,0.4852170000085607,0.21377800009213388
"1,6,2,3,0,4,7,8,5",83,42,10,10,0.3730510000605136,0.169097000034526
"0,4,2,1,8,7,5,3,6",274,41,14,14,1.182012000004761,0.228105999995023
"4,7,3,1,0,2,6,8,5",181,41,12,12,0.7567820000695065,0.15863700001500547
"5,3,4,1,7,2,6,8,0",150,41,12,12,0.5809969999827445,0.15746300003957003
"0,5,4,1,6,2,7,3,8",125,41,12,12,0.5222409999696538,0.17878600000403821
"2,0,5,3,6,1,7,4,8",114,41,11,11,0.4771910000126809,0.1504700001096353
"3,1,5,6,0,4,7,2,8",88,41,10,10,0.4256630000891164,0.1800910000456497
"0,7,2,1,3,5,4,6,8",83,41,10,10,0.3989130000118166,0.15013600001111627
"0,3,5,2,1,4,6,7,8",82,41,10,10,0.35259100003167987,0.16548200009856373
"1,0,2,3,8,5,6,4,7",62,41,9,9,0.2637409999733791,0.15492599993012846
"3,5,1,6,4,2,7,8,0",61,41,10,10,0.2400459999917075,0.16688200004864484
"2,5,4,1,8,0,6,3,7",205,40,13,13,0.7899329999927431,0.1505399999441579
"4,0,8,1,2,3,6,5,7",191,40,13,13,0.7655430000741035,0.15567100001499057
"2,5,8,1,6,4,3,0,7",186,40,13,13,0.8260680000530556,0.18528900004457682
"3,0,4,6,8,1,7,5,2",180,40,13,13,0.6877979999408126,0.163624000037089
"3,0,5,7,2,1,4,6,8",104,40,11,11,0.4430439999559894,0.7261840000282973
"3,2,0,7,1,6,4,8,5",131,39,12,12,0.5395619999617338,0.15855399996507913
"3,1,2,5,6,8,0,4,7",78,39,10,10,0.5913360000122339,0.18637800007127225
"1,7,0,3,2,4,6,8,5",76,39,10,10,0.6996120000258088,0.1638710000552237
"3,2,5,7,0,1,4,6,8",72,39,10,10,0.30688500008545816,0.1916210000636056
"3,2,8,6,4,1,0,5,7",138,38,12,12,0.5357850000727922,0.30742799991276115
"1,2,5,4,8,7,0,3,6",103,38,12,12,0.3965709999902174,0.15280799998436123
"4,5,3,1,0,2,6,7,8",98,38,10,10,0.39724599989131093,0.1523019999731332
"1,5,2,3,0,8,4,6,7",90,38,10,10,0.3688689999980852,0.2381589999422431
"3,1,2,0,5,8,6,7,4",67,38,9,9,0.2833370000589639,0.27653799997642636
"3,2,5,6,4,1,7,8,0",62,38,10,10,0.25372599996626377,0.14124899997841567
"1,2,5,7,6,4,0,3,8",58,38,10,10,0.2772910000057891,0.15625800006091595
"6,3,1,7,0,2,8,4,5",165,37,12,12,0.6342540000332519,0.15326699998695403
"3,0,1,6,8,2,7,5,4",83,37,11,11,0.34818700002506375,0.1681010000174865
"6,2,0,1,3,5,7,4,8",76,37,10,10,0.34675000002607703,0.15416699997149408
"1,2,5,6,3,8,4,7,0",68,37,10,10,0.2930919999489561,0.13955399999395013
"3,8,1,5,2,0,4,6,7",184,36,13,13,0.7197300000116229,0.1486560000339523
"4,5,3,6,0,2,7,1,8",172,36,12,12,1.0543659999966621,0.141332000028342
"1,2,5,3,0,7,4,6,8",85,36,10,10,0.3596319999778643,0.13521900004707277
"1,5,4,3,0,8,6,2,7",80,36,10,10,0.3381059999810532,0.14467800001148134
"1,2,5,6,4,0,7,3,8",59,36,9,9,0.2659240000648424,0.16267500002868474
"4,2,7,1,0,3,6,8,5",184,35,12,12,1.3833909999812022,0.34987500007264316
"2,4,5,1,6,8,0,3,7",111,35,12,12,0.48653000011108816,0.16907399997580796
"1,0,2,6,4,8,7,5,3",110,35,11,11,0.4804259999655187,0.1439650000538677
"4,3,2,0,5,8,1,6,7",109,35,11,11,0.626793000032194,0.14530900004319847
"4,3,1,0,7,2,5,6,8",109,35,11,11,0.4360490000108257,0.13379100000020117
"1,5,4,6,0,3,7,8,2",101,35,12,12,0.42603799991775304,0.1358329999493435
"3,4,1,7,6,2,8,5,0",95,35,12,12,0.43286399997305125,0.20863200002349913
"3,5,0,2,1,4,6,7,8",82,35,10,10,0.3703570000361651,0.14118900010362267
"6,0,3,7,5,2,4,1,8",198,34,13,13,1.3602279999759048,0.14936100004706532
"3,8,1,5,0,2,4,6,7",168,34,12,12,0.6620539999566972,0.13127499993424863
"2,5,8,1,0,3,6,4,7",160,34,12,12,0.6156600000103936,0.12991100002545863
"6,3,2,1,5,8,0,7,4",142,34,12,12,0.5465110000222921,0.13163099996745586
"1,5,4,3,8,7,6,0,2",100,34,11,11,0.44300299999304116,0.12825399998109788
"1,5,8,4,2,0,3,6,7",89,34,11,11,0.3721110000042245,0.1350139999995008
"3,0,2,7,1,8,4,5,6",86,34,11,11,0.34368100005667657,0.12318300001788884
"3,1,5,2,7,4,0,6,8",79,34,10,10,0.31628000002820045,0.13118799997027963
"1,7,2,3,5,8,4,6,0",67,34,10,10,0.2687910000095144,0.12834900000598282
"4,3,2,6,8,1,7,5,0",129,33,12,12,0.530646999948658,0.1291929999133572
"1,2,7,3,4,0,6,8,5",51,33,9,9,0.2614940000930801,0.1292060000123456
"2,5,4,1,0,8,6,3,7",171,32,12,12,0.7156879999674857,0.14077100006397814
"1,4,2,7,0,6,3,8,5",81,32,10,10,0.32946300006005913,0.17110999999567866
"3,1,2,7,0,8,4,5,6",77,32,10,10,0.32300500001292676,0.12979099992662668
"1,4,2,6,0,7,8,3,5",67,32,10,10,0.287032000022009,0.12255900003947318
"4,0,3,1,5,2,6,7,8",57,32,9,9,0.3253659999463707,0.13436200004070997
"4,3,2,0,7,5,1,6,8",56,32,9,9,0.23395200003869832,0.12301099998876452
"1,2,0,5,4,8,3,6,7",54,32,10,10,0.21950100001413375,0.12567600002512336
"3,2,5,1,6,8,4,0,7",101,31,11,11,0.5491779999574646,0.15205100004095584
"6,3,1,5,2,0,7,4,8",91,31,11,11,0.4101740000769496,0.12213999999221414
"6,3,2,1,4,5,7,8,0",61,31,10,10,0.29642400005832314,0.11709600000176579
"3,1,5,2,7,4,6,0,8",56,31,9,9,0.24960799992550164,0.12003099999856204
"1,6,2,3,5,0,7,4,8",53,31,9,9,0.2266820000950247,0.11827800003811717
"0,5,1,3,4,2,6,7,8",49,31,8,8,0.25342799990903586,0.5614099999656901
"3,1,5,6,2,4,7,0,8",48,31,9,9,0.2133640000829473,0.11236300005111843
"4,7,0,1,6,2,3,8,5",140,30,12,12,0.5838369999546558,0.11278699990361929
"4,5,2,1,0,8,3,6,7",86,30,10,10,0.33666999998968095,0.11620000004768372
"3,2,5,6,1,8,0,7,4",62,30,10,10,0.2846640000352636,0.12180500000249594
"3,1,0,7,6,2,4,8,5",51,30,10,10,0.21247999998740852,0.12082399998325855
"0,1,2,6,4,5,7,3,8",49,30,8,8,0.2250450000865385,0.12019200006034225
"4,2,5,1,6,7,3,0,8",107,29,11,11,0.4511280000442639,0.11346700007561594
"4,3,2,6,1,8,5,0,7",104,29,11,11,0.4201879999600351,0.11399900005199015
"2,5,4,1,0,3,6,7,8",86,29,10,10,0.3784260000102222,0.11812599992845207
"6,3,2,1,0,4,7,8,5",81,29,10,10,0.40157800004817545,0.13107699993997812
"6,3,2,1,4,5,7,0,8",60,29,9,9,0.25566600007005036,0.11711700004525483
"1,6,2,3,0,5,7,4,8",46,29,8,8,0.413711000001058,0.16694100003223866
"1,7,2,3,0,5,4,6,8",45,29,8,8,0.19087200006470084,0.11137399997096509
"6,0,3,1,5,2,7,4,8",114,28,11,11,0.4841410000808537,0.11307199997827411
"0,3,5,6,2,8,7,1,4",96,28,12,12,0.4295090000377968,0.11394199996721
"2,4,5,1,0,8,3,6,7",73,28,10,10,0.3150420000310987,0.1121039999416098
"3,5,1,7,6,2,0,4,8",73,28,10,10,0.2932649999856949,0.1075150000397116
"1,5,0,7,2,4,3,6,8",68,28,10,10,0.5437110000057146,0.21469399996567518
"3,2,4,6,0,1,7,8,5",62,28,10,10,0.2474669999210164,0.107192000024952
"3,1,5,0,2,8,6,4,7",48,28,9,9,0.22306099999696016,0.12353199999779463
"0,4,3,6,1,2,7,8,5",131,27,12,12,0.5127449999563396,0.09729399997740984
"0,1,5,3,2,7,6,8,4",69,27,10,10,0.3212849999545142,0.10907100001350045
"3,1,2,6,8,4,0,7,5",42,27,8,8,0.1949970000423491,0.10642600001301616
"1,2,0,3,8,5,6,4,7",42,27,8,8,0.1779820000519976,0.10256699996534735
"4,3,2,1,7,5,6,8,0",39,27,8,8,0.18181899993214756,0.10058700002264231
"4,3,0,1,5,2,6,7,8",39,27,8,8,0.1721750000724569,0.11068899999372661
"3,1,2,7,6,5,4,8,0",35,27,8,8,0.15651899995282292,0.1175779999466613
"4,7,2,1,6,5,3,0,8",64,26,9,9,0.2767810000805184,0.09869700006674975
"4,3,2,0,6,5,7,1,8",60,26,9,9,0.3216329999268055,0.14465099992230535
"3,7,1,4,2,0,6,8,5",55,26,9,9,1.300760000012815,0.12004499998874962
"4,7,2,1,5,0,3,6,8",55,26,9,9,0.24768199992831796,0.0985649999929592
"1,4,2,6,3,8,5,0,7",54,26,9,9,0.217644999967888,0.0960590000031516
"3,2,5,4,8,0,6,1,7",49,26,9,9,0.23779199994169176,0.10083700006362051
"3,0,5,6,2,1,7,4,8",38,26,9,9,0.18607799999881536,0.10461099992971867
"1,2,0,3,4,7,6,8,5",35,26,8,8,0.1855640000430867,0.09919800003990531
"3,1,2,6,4,8,0,5,7",35,26,8,8,0.1618460000026971,0.09737099998164922
"3,1,2,7,6,5,4,0,8",30,26,7,7,0.1503190000075847,0.11426200007554144
"4,3,2,1,5,0,6,7,8",30,26,7,7,0.13755200000014156,0.09032100008334965
"6,3,2,1,5,0,7,4,8",55,25,9,9,0.21646100003272295,0.0891210000263527
"3,2,5,6,0,8,7,1,4",54,25,10,10,0.21186499996110797,0.09478099993430078
"3,1,2,0,6,8,7,5,4",48,25,9,9,0.23567600001115352,0.09879499999806285
"1,0,5,3,2,7,6,8,4",48,25,9,9,0.20289600000251085,0.09450299991294742
"3,2,0,6,1,8,7,5,4",44,25,10,10,0.20051200001034886,0.4551620000274852
"3,4,1,6,2,0,7,8,5",43,25,9,9,0.18410399998538196,0.100328000029549
"1,2,5,6,3,8,4,0,7",40,25,9,9,0.17030300002079457,0.11626999999862164
"4,3,2,6,0,1,7,8,5",68,24,10,10,0.2620779999997467,0.08983399998396635
"4,3,2,6,1,7,0,8,5",65,24,10,10,0.28862799995113164,0.0900139999575913
"3,5,1,0,7,2,4,6,8",59,24,9,9,0.2578579999972135,0.09816299995873123
"4,3,2,6,5,8,7,1,0",58,24,10,10,0.27312800008803606,0.09028699994087219
"1,0,4,6,5,2,7,3,8",53,24,9,9,0.2500470000086352,0.0988530000904575
"1,4,0,5,8,2,3,6,7",50,24,10,10,1.000497999950312,0.09813599998597056
"3,2,5,0,4,8,6,1,7",49,24,9,9,0.2010780000127852,0.08985899994149804
"1,0,2,6,4,3,7,8,5",48,24,9,9,0.22125200007576495,0.09233900008257478
"3,5,1,6,0,2,7,4,8",35,24,8,8,0.1652000000467524,0.08801900001708418
"3,2,5,6,0,1,7,4,8",33,24,8,8,0.17854399990756065,0.09592999995220453
"1,5,4,3,2,0,6,7,8",31,24,7,7,0.15471600007731467,0.0926569999428466
"4,3,2,1,0,5,6,7,8",26,24,6,6,0.11951999994926155,0.08921700005885214
"4,3,2,6,5,0,7,1,8",57,23,9,9,0.2551280000479892,0.08566500002052635
"4,0,2,1,3,7,6,8,5",48,23,9,9,0.20492300007026643,0.0857079999987036
"4,3,2,0,1,7,6,8,5",48,23,9,9,0.19966499996371567,0.08618500002194196
"2,3,5,1,0,4,6,7,8",47,23,8,8,0.20547399995848536,0.08861800003796816
"3,2,5,6,4,1,0,7,8",33,23,8,8,0.13550299999769777,0.07977199996821582
"1,2,0,3,4,8,6,5,7",31,23,8,8,0.14221700001507998,0.08880900009535253
"0,3,2,5,1,8,4,6,7",62,22,10,10,0.2656600000336766,0.0928929999936372
"1,3,4,6,0,2,7,8,5",58,22,10,10,0.25059400009922683,0.08235799998510629
"1,5,4,6,3,2,7,8,0",47,22,10,10,0.23089000000618398,0.08571299992036074
"0,5,4,1,7,2,3,6,8",46,22,10,10,0.19864000007510185,0.08881300000939518
"3,1,4,0,7,2,6,8,5",45,22,9,9,0.19354900007601827,0.08017900004051626
"3,4,1,6,8,2,7,0,5",39,22,9,9,0.19105400005355477,0.08629799995105714
"1,2,5,3,0,7,6,8,4",35,22,8,8,0.1757099999813363,0.08750500006135553
"6,3,1,7,5,2,4,0,8",91,21,11,11,0.3776820000493899,0.0835359999909997
"4,2,5,1,0,3,6,7,8",47,21,8,8,0.20268200000282377,0.07936999993398786
"4,3,2,6,0,5,7,1,8",42,21,8,8,0.19411100004799664,0.07413700001779944
"3,0,1,7,5,2,4,6,8",41,21,9,9,0.19172800006344914,0.08647600002586842
"0,3,5,4,2,1,6,7,8",39,21,8,8,0.17630799999460578,0.08382999990135431
"1,2,0,3,7,5,4,6,8",35,21,8,8,0.14326299994718283,0.07408900000154972
"1,4,2,7,6,5,3,8,0",33,21,8,8,0.14858199993614107,0.07938100001774728
"3,5,1,4,7,2,0,6,8",32,21,8,8,0.14251699997112155,0.07546600000932813
"3,2,5,0,4,1,6,7,8",31,21,7,7,0.13209099997766316,0.07516900007613003
"1,4,0,3,8,2,6,5,7",30,21,8,8,0.13009099999908358,0.09013399994000793
"3,1,2,4,8,7,0,6,5",30,21,8,8,0.12969699990935624,0.08154799998737872
"3,2,0,4,1,7,6,8,5",29,21,8,8,0.12679200002457947,0.07243100006598979
"0,3,2,4,1,8,6,5,7",28,21,8,8,0.17321799998171628,0.08042400004342198
"1,0,2,3,4,7,6,8,5",28,21,7,7,0.14629000006243587,0.07525999995414168
"0,4,2,1,3,7,6,8,5",28,21,8,8,0.12494100001640618,0.07604899990838021
"3,1,0,4,8,2,6,5,7",27,21,8,8,0.1280030000489205,0.08169500005897135
"1,4,2,3,8,7,0,6,5",27,21,8,8,0.11037600005511194,0.07361299998592585
"1,4,2,6,3,7,0,8,5",26,21,8,8,0.11827600002288818,0.07674499996937811
"3,1,2,0,4,7,6,8,5",25,21,7,7,0.12492199998814613,0.07922100007999688
"1,0,2,3,4,8,6,5,7",25,21,7,7,0.1126999999396503,0.07440399995539337
"3,5,1,4,2,0,6,7,8",31,20,7,7,0.16340900002978742,0.07747399993240833
"1,2,5,3,8,7,6,4,0",31,20,8,8,0.14440200000535697,0.07922000007238239
"1,4,2,7,6,5,3,0,8",30,20,7,7,0.15838999999687076,0.0804559999378398
"3,5,1,4,7,2,6,0,8",28,20,7,7,0.1398669999325648,0.08158699993509799
"3,2,5,4,7,1,6,0,8",26,20,7,7,0.1153299999423325,0.07310299994423985
"3,1,2,4,8,7,6,0,5",24,20,7,7,0.16367599996738136,0.07512599998153746
"1,4,2,3,8,7,6,0,5",24,20,7,7,0.10806300002150238,0.07927200000267476
"1,4,2,3,8,0,6,5,7",24,20,7,7,0.10168700001668185,0.07133299997076392
"1,4,2,0,3,8,6,5,7",23,20,7,7,0.10414599999785423,0.07397600007243454
"6,3,1,7,5,2,0,4,8",53,19,10,10,0.2791029999498278,0.07891799998469651
"0,3,2,7,1,5,4,6,8",44,19,8,8,0.18215199990663677,0.0718809999525547
"3,1,4,0,5,2,6,7,8",30,19,7,7,0.13861200003884733,0.07426100003067404
"1,0,2,3,7,5,4,6,8",30,19,7,7,0.12817000003997236,0.06790500006172806
"3,1,0,7,5,2,4,6,8",29,19,8,8,0.14453300007153302,0.06786599999759346
"1,5,4,6,3,2,0,7,8",29,19,8,8,0.13500799995381385,0.07293899997603148
"1,2,5,3,8,0,6,4,7",26,19,7,7,0.12605800002347678,0.07505800004582852
"1,2,5,3,7,0,6,8,4",25,19,7,7,0.13681199995335191,0.07470499991904944
"1,5,4,0,3,2,6,7,8",27,18,7,7,0.15845999994780868,0.06769200006965548
"3,1,2,7,5,0,4,6,8",26,18,7,7,0.13087300001643598,0.0688920000102371
"3,5,1,4,0,2,6,7,8",26,18,6,6,0.11034900008235127,0.07594700006302446
"0,1,4,3,7,2,6,8,5",24,18,8,8,0.12169599998742342,0.06517399998847395
"3,2,5,4,0,1,6,7,8",24,18,6,6,0.11656900006346405,0.06941799994092435
"0,1,2,3,5,8,4,6,7",24,18,8,8,0.11048200004734099,0.0758409999543801
"1,4,2,6,0,5,7,3,8",24,18,6,6,0.10639299999456853,0.0655509999487549
"1,4,2,3,0,8,6,5,7",20,18,6,6,0.09689199994318187,0.07811499992385507
"1,4,2,3,0,7,6,8,5",20,18,6,6,0.08644800004549325,0.06688499997835606
"3,1,2,4,0,8,6,5,7",20,18,6,6,0.08313300006557256,0.06644199998117983
"1,5,0,3,2,8,6,4,7",26,17,8,8,0.12618200003635138,0.06580500002019107
"2,5,0,1,3,4,6,7,8",40,16,8,8,0.1828490000916645,0.06317699991632253
"4,2,5,1,3,8,6,7,0",33,16,8,8,0.13098699995316565,0.05310699995607138
"4,3,1,6,5,2,0,7,8",29,16,8,8,0.12188999995123595,0.058028000057674944
"3,1,2,7,0,5,4,6,8",24,16,6,6,0.143714000005275,0.061009999946691096
"1,5,4,3,0,2,6,7,8",24,16,6,6,0.11913500004447997,0.06544899998698384
"6,3,1,0,4,2,7,8,5",22,16,9,9,0.11852499993983656,0.06776499992702156
"2,0,5,1,4,8,3,6,7",22,16,9,9,0.1103320000693202,0.062123000039719045
"0,3,1,4,7,2,6,8,5",18,16,8,8,0.08010899997316301,0.061507000005804
"3,4,1,6,0,2,7,8,5",17,16,8,8,0.15535099990665913,0.06488700001500547
"1,0,5,3,2,8,6,4,7",17,16,7,7,0.07349899993278086,0.05947300000116229
"4,2,5,1,3,0,6,7,8",31,15,7,7,0.1460489999735728,0.05387000006157905
"6,3,2,0,1,5,7,4,8",30,15,7,7,0.15286699996795505,0.06379100005142391
"2,0,5,1,3,4,6,7,8",30,15,7,7,0.15137899992987514,0.05965700000524521
"4,3,2,6,1,5,7,0,8",27,15,7,7,0.129679000005126,0.0520869999891147
"4,0,2,1,7,5,3,6,8",27,15,7,7,0.1264249999076128,0.051688000094145536
"4,3,1,0,5,2,6,7,8",27,15,7,7,0.11953599995467812,0.05436299997381866
"0,1,5,3,2,4,6,7,8",22,15,6,6,0.13107100001070648,0.06248799990862608
"0,1,2,3,6,5,7,4,8",22,15,6,6,0.11330800002906471,0.060799999977461994
"3,0,1,4,7,2,6,8,5",16,15,7,7,0.16045199998188764,0.06096799997612834
"3,0,1,6,5,2,7,4,8",16,15,7,7,0.07914899999741465,0.05375700001604855
"1,2,5,6,3,4,7,0,8",16,15,7,7,0.07307799998670816,0.05740200006403029
"1,4,2,6,3,0,7,8,5",16,15,7,7,0.07179399998858571,0.052131000091321766
"3,1,2,7,6,5,0,4,8",19,14,6,6,0.08391599997412413,0.04911699995864183
"0,3,1,6,4,2,7,8,5",16,14,8,8,0.07948900002520531,0.05489899998065084
"4,2,0,1,3,5,6,7,8",21,13,6,6,0.098145000054501,0.047304000006988645
"3,1,2,0,7,5,4,6,8",16,13,5,5,0.07110599998850375,0.0457960000494495
"0,4,2,1,7,5,3,6,8",15,13,6,6,0.07069500000216067,0.050005000084638596
"1,0,5,3,2,4,6,7,8",14,13,5,5,0.09989900002256036,0.05592899990733713
"3,0,1,6,4,2,7,8,5",14,13,7,7,0.06834300002083182,0.05251099995803088
"1,2,5,6,3,4,0,7,8",14,13,6,6,0.06519500003196299,0.0465280000353232
"1,2,5,0,4,8,3,6,7",14,13,7,7,0.06294599990360439,0.04647499998100102
"1,4,2,6,3,5,7,8,0",14,13,6,6,0.05823600001167506,0.04450299998279661
"3,1,2,6,5,8,7,4,0",13,13,6,6,0.15910400007851422,0.08577300002798438
"3,1,2,6,0,4,7,8,5",13,13,6,6,0.06599800009280443,0.04037800000514835
"1,4,2,3,5,8,0,6,7",13,13,6,6,0.05896799999754876,0.03925899998284876
"1,2,5,3,7,4,0,6,8",13,13,6,6,0.05697999999392778,0.039585000020451844
"4,3,2,0,1,5,6,7,8",19,12,5,5,0.09024900000076741,0.04220100003294647
"3,2,5,4,1,0,6,7,8",13,12,5,5,0.06981600006110966,0.041858999989926815
"3,1,2,4,7,0,6,8,5",12,12,5,5,0.1005390000063926,0.041880000033415854
"1,4,2,3,5,8,6,0,7",12,12,5,5,0.07730899995658547,0.0352209999691695
"1,2,5,3,4,8,0,6,7",11,11,6,6,0.05442199995741248,0.03760699997656047
"3,1,0,6,4,2,7,8,5",11,11,6,6,0.054210999980568886,0.03489899996202439
"0,3,2,4,1,5,6,7,8",12,10,4,4,0.06576799997128546,0.031864000018686056
"3,2,0,4,1,5,6,7,8",11,10,4,4,0.058104999945499,0.03322800004389137
"1,4,2,6,3,5,0,7,8",11,10,4,4,0.05202800000552088,0.032533999998122454
"3,1,2,4,7,5,6,8,0",10,10,4,4,0.15859999996609986,0.06448699999600649
"1,2,5,3,0,4,6,7,8",10,10,4,4,0.06311200000345707,0.0343790000770241
"3,1,2,6,4,0,7,8,5",10,10,5,5,0.06186500005424023,0.030964999925345182
"1,2,5,3,4,8,6,0,7",10,10,5,5,0.05777399998623878,0.031116999918594956
"1,4,2,3,7,5,0,6,8",10,10,4,4,0.052087999996729195,0.03149700001813471
"1,4,2,3,7,5,6,8,0",10,10,4,4,0.04843199998140335,0.02823199995327741
"1,4,0,3,5,2,6,7,8",10,10,4,4,0.046667999937199056,0.028184999944642186
"3,1,2,4,7,5,0,6,8",10,10,4,4,0.04507599992211908,0.027695999946445227
"3,1,0,4,5,2,6,7,8",10,10,4,4,0.043768999981693923,0.027855000109411776
"3,1,2,6,0,5,7,4,8",10,10,4,4,0.04364500008523464,0.029424000065773726
"3,0,2,4,1,5,6,7,8",10,9,3,3,0.04754900000989437,0.026948000071570277
"1,4,2,0,3,5,6,7,8",10,9,3,3,0.04684300010558218,0.028409000020474195
"1,4,2,3,7,5,6,0,8",9,9,3,3,0.059726999956183136,0.024873999995179474
"3,1,2,4,5,0,6,7,8",9,9,3,3,0.03990799991879612,0.02430000004824251
"1,4,2,3,5,0,6,7,8",9,9,3,3,0.03925499995239079,0.025246000033803284
"3,1,2,6,4,5,7,8,0",8,8,4,4,0.04103900003246963,0.022966000018641353
"1,2,5,3,4,8,6,7,0",8,8,4,4,0.03311800002120435,0.022775999968871474
"1,2,5,3,4,0,6,7,8",7,7,3,3,0.04907499998807907,0.01987399999052286
"3,1,2,4,0,5,6,7,8",7,7,2,2,0.04237600008491427,0.019914000062271953
"3,1,2,6,4,5,7,0,8",7,7,3,3,0.03529899998102337,0.01938100007828325
"1,4,2,3,0,5,6,7,8",7,7,2,2,0.031015000073239207,0.018660999950952828
"1,2,0,3,4,5,6,7,8",5,5,2,2,0.028255000011995435,0.013617000076919794
"3,1,2,6,4,5,0,7,8",5,5,2,2,0.025634000077843666,0.0181200000224635
"1,0,2,3,4,5,6,7,8",4,4,1,1,0.036604999913834035,0.009611999965272844
"3,1,2,0,4,5,6,7,8",4,4,1,1,0.021068999893032014,0.009391000028699636
"0,1,2,3,4,5,6,7,8",1,1,0,0,0.012765999999828637,0.0015769999008625746